{
  "test_accuracy": 0.7423805151077878,
  "test_f1_macro": 0.2359826104427734,
  "test_f1_weighted": 0.6895024677029785,
  "confusion_matrix": [
    [
      558,
      8070,
      0,
      0
    ],
    [
      2719,
      33397,
      14,
      0
    ],
    [
      5,
      499,
      0,
      0
    ],
    [
      43,
      433,
      0,
      0
    ]
  ],
  "evaluated_at": "2025-10-30T18:54:03.277741"
}