{
  "Boredom": {
    "precision": 0.16781954887218045,
    "recall": 0.06467315716272601,
    "f1-score": 0.09336568225550071,
    "support": 8628.0
  },
  "Engagement": {
    "precision": 0.7876836717847119,
    "recall": 0.9243564904511486,
    "f1-score": 0.850564759515593,
    "support": 36130.0
  },
  "Confusion": {
    "precision": 0.0,
    "recall": 0.0,
    "f1-score": 0.0,
    "support": 504.0
  },
  "Frustration": {
    "precision": 0.0,
    "recall": 0.0,
    "f1-score": 0.0,
    "support": 476.0
  },
  "accuracy": 0.7423805151077878,
  "macro avg": {
    "precision": 0.23887580516422308,
    "recall": 0.24725741190346867,
    "f1-score": 0.2359826104427734,
    "support": 45738.0
  },
  "weighted avg": {
    "precision": 0.6538755111559494,
    "recall": 0.7423805151077878,
    "f1-score": 0.6895024677029785,
    "support": 45738.0
  }
}