{
  "timestamp": "2026-02-26T04:06:38.889597",
  "mode": "cnn_bilstm",
  "source": "openface",
  "label_mode": "binary",
  "balance_strategy": "class_weight",
  "results": {
    "cnn_bilstm_boredom_bin": {
      "test_accuracy": 0.6563094483195941,
      "test_f1_macro": 0.5814313137842549,
      "test_f1_weighted": 0.6756183525775826,
      "best_threshold": 0.5600000000000003,
      "epochs_trained": 14
    },
    "cnn_bilstm_engagement_bin": {
      "test_accuracy": 0.7907419150285352,
      "test_f1_macro": 0.5150893396247512,
      "test_f1_weighted": 0.8426730982837476,
      "best_threshold": 0.3,
      "epochs_trained": 18
    },
    "cnn_bilstm_confusion_bin": {
      "test_accuracy": 0.7520608750792644,
      "test_f1_macro": 0.5033262906241215,
      "test_f1_weighted": 0.7964140850313912,
      "best_threshold": 0.6200000000000003,
      "epochs_trained": 15
    },
    "cnn_bilstm_frustration_bin": {
      "test_accuracy": 0.8649334178820546,
      "test_f1_macro": 0.49852424140633744,
      "test_f1_weighted": 0.8853196851192049,
      "best_threshold": 0.6600000000000004,
      "epochs_trained": 19
    }
  }
}