{
  "timestamp": "2026-02-26T03:52:55.310950",
  "mode": "lstm",
  "source": "openface",
  "label_mode": "binary",
  "balance_strategy": "class_weight",
  "results": {
    "lstm_boredom_bin": {
      "test_accuracy": 0.6119213696892835,
      "test_f1_macro": 0.5368228884716831,
      "test_f1_weighted": 0.6360474959387172,
      "best_threshold": 0.6200000000000003,
      "epochs_trained": 14
    },
    "lstm_engagement_bin": {
      "test_accuracy": 0.7767913760304376,
      "test_f1_macro": 0.5106456504108043,
      "test_f1_weighted": 0.8340024090527146,
      "best_threshold": 0.3,
      "epochs_trained": 15
    },
    "lstm_confusion_bin": {
      "test_accuracy": 0.7691819911223843,
      "test_f1_macro": 0.5156078066036144,
      "test_f1_weighted": 0.8078514986651241,
      "best_threshold": 0.6800000000000004,
      "epochs_trained": 15
    },
    "lstm_frustration_bin": {
      "test_accuracy": 0.7907419150285352,
      "test_f1_macro": 0.48756351175706014,
      "test_f1_weighted": 0.8432295198817995,
      "best_threshold": 0.6800000000000004,
      "epochs_trained": 14
    }
  }
}