{
  "timestamp": "2026-02-28T13:48:54.625651",
  "version": "v3",
  "mode": "lstm_focal",
  "improvements": [
    "optuna_hyperparameter_tuning",
    "proper_train_val_test_split",
    "focal_loss",
    "feature_selection",
    "probability_calibration",
    "soft_voting_ensemble"
  ],
  "results": {
    "lstm_focal_boredom": {
      "test_accuracy": 0.6347495244134432,
      "test_f1_macro": 0.5415623637332644,
      "test_f1_weighted": 0.6515258346343474,
      "best_threshold": 0.49999999999999983,
      "focal_alpha": 0.615811606391926,
      "focal_gamma": 2.6224890585588896,
      "epochs_trained": 24
    },
    "lstm_focal_engagement": {
      "test_accuracy": 0.911857958148383,
      "test_f1_macro": 0.5654743143726522,
      "test_f1_weighted": 0.9130880137015639,
      "best_threshold": 0.3999999999999999,
      "focal_alpha": 3.0,
      "focal_gamma": 3.0,
      "epochs_trained": 25
    },
    "lstm_focal_confusion": {
      "test_accuracy": 0.8845909955611921,
      "test_f1_macro": 0.54773025237627,
      "test_f1_weighted": 0.8732055479590567,
      "best_threshold": 0.5999999999999999,
      "focal_alpha": 1.9132897603485837,
      "focal_gamma": 3.0,
      "epochs_trained": 24
    },
    "lstm_focal_frustration": {
      "test_accuracy": 0.9194673430564363,
      "test_f1_macro": 0.5221041077585692,
      "test_f1_weighted": 0.9153223858036769,
      "best_threshold": 0.5799999999999998,
      "focal_alpha": 3.0,
      "focal_gamma": 3.0,
      "epochs_trained": 20
    }
  }
}